{
  "ann.pkl": {
    "accuracy": 1.0,
    "precision": 1.0,
    "recall": 1.0,
    "f1": 1.0,
    "confusion_matrix": [
      [
        5,
        0
      ],
      [
        0,
        6
      ]
    ],
    "roc_auc": 1.0
  },
  "nb.pkl": {
    "accuracy": 0.9090909090909091,
    "precision": 1.0,
    "recall": 0.8333333333333334,
    "f1": 0.9090909090909091,
    "confusion_matrix": [
      [
        5,
        0
      ],
      [
        1,
        5
      ]
    ],
    "roc_auc": 1.0
  },
  "rf.pkl": {
    "accuracy": 1.0,
    "precision": 1.0,
    "recall": 1.0,
    "f1": 1.0,
    "confusion_matrix": [
      [
        5,
        0
      ],
      [
        0,
        6
      ]
    ],
    "roc_auc": 1.0
  },
  "svm.pkl": {
    "accuracy": 0.8181818181818182,
    "precision": 0.75,
    "recall": 1.0,
    "f1": 0.8571428571428571,
    "confusion_matrix": [
      [
        3,
        2
      ],
      [
        0,
        6
      ]
    ],
    "roc_auc": 0.9333333333333333
  }
}