{
  "train_loss": 0.4831106662750244,
  "train_accuracy": 0.9277389049530029,
  "val_loss": 0.8853940367698669,
  "val_accuracy": 0.77173912525177,
  "test_loss": 0.9061604142189026,
  "test_accuracy": 0.741847813129425,
  "epochs_trained": 88,
  "test_classification_report": {
    "0": {
      "precision": 0.8666666666666667,
      "recall": 0.9122807017543859,
      "f1-score": 0.8888888888888888,
      "support": 57.0
    },
    "1": {
      "precision": 0.7903225806451613,
      "recall": 0.875,
      "f1-score": 0.8305084745762712,
      "support": 56.0
    },
    "2": {
      "precision": 0.625,
      "recall": 0.5172413793103449,
      "f1-score": 0.5660377358490566,
      "support": 29.0
    },
    "3": {
      "precision": 0.6197183098591549,
      "recall": 0.7719298245614035,
      "f1-score": 0.6875,
      "support": 57.0
    },
    "4": {
      "precision": 0.8292682926829268,
      "recall": 0.5964912280701754,
      "f1-score": 0.6938775510204082,
      "support": 57.0
    },
    "5": {
      "precision": 0.8571428571428571,
      "recall": 0.6428571428571429,
      "f1-score": 0.7346938775510204,
      "support": 28.0
    },
    "6": {
      "precision": 0.74,
      "recall": 0.6607142857142857,
      "f1-score": 0.6981132075471698,
      "support": 56.0
    },
    "7": {
      "precision": 0.6153846153846154,
      "recall": 0.8571428571428571,
      "f1-score": 0.7164179104477612,
      "support": 28.0
    },
    "accuracy": 0.7418478260869565,
    "macro avg": {
      "precision": 0.7429379152976728,
      "recall": 0.7292071774263245,
      "f1-score": 0.7270047057350719,
      "support": 368.0
    },
    "weighted avg": {
      "precision": 0.7528425817711871,
      "recall": 0.7418478260869565,
      "f1-score": 0.7392777871666607,
      "support": 368.0
    }
  }
}